{
  "current": {
    "use_logo": "1",
    "customer_layout": "theme",
    "base_font": "Roboto",
    "show_meta_keyword": false,
    "meta_keyword": "hhh Theme mặc định, Theme bán hàng, Theme haravan",
    "header_r_phone": "1900.636.099",
    "header_desc_1": "Miễn phí vận chuyển",
    "header_desc_2": "ĐƠN HÀNG TRÊN 900K",
    "slide_1": true,
    "slide_1_cap_1": "Tinh tế sang trọng",
    "slide_1_cap_2": "Bộ salon trắng xám",
    "slide_1_btn": "Xem ngay",
    "slide_1_link": "/collections/all",
    "align_title1": "center",
    "animate_title1": "bounceIn",
    "slide_2": true,
    "slide_2_cap_1": "Thiết kế đặc biệt",
    "slide_2_cap_2": "Salon gỗ sang trọng",
    "slide_2_btn": "Xem ngay",
    "slide_2_link": "/collections/all",
    "align_title2": "center",
    "animate_title2": "bounceInRight",
    "slide_3": true,
    "slide_3_cap_1": "Tháng vàng ưu đãi",
    "slide_3_cap_2": "Tiết kiệm đến 20%",
    "slide_3_btn": "Xem ngay",
    "slide_3_link": "/collections/all",
    "align_title3": "center",
    "animate_title3": "bounceInLeft",
    "slide_4": false,
    "slide_4_cap_1": "",
    "slide_4_cap_2": "",
    "slide_4_btn": "",
    "slide_4_link": "/collections/all",
    "align_title4": "center",
    "animate_title4": "fade",
    "use_featured_products": true,
    "featured_products_cap": "What hot",
    "featured_products_title": "Sản phẩm nổi bật",
    "featured_collection": "hot-products",
    "use_icon_featured": true,
    "use_sale_products": true,
    "sale_products_cap": "",
    "sale_products_title": "Sản phẩm mới",
    "sale_collection": "onsale",
    "use_icon_sale": true,
    "use_ad_banners": "1",
    "ad_banner_1": "Miễn phí vận chuyển",
    "ad_banner_2": "Với tất cả đơn hàng trên 500k",
    "ad_banner_desc": "Miễn phí 2 ngày vận chuyển với đơn hàng trên 500k trừ trực tiếp khi thanh toán",
    "ad_banner_link": "/",
    "show_block_home_category1": "1",
    "block_home_category1_title": "Xem ngay",
    "block_home_category1_link": "collections/hot-products",
    "show_block_home_category2": "1",
    "block_home_category2_title": "Mua ngay",
    "block_home_category2_link": "collections/hot-products",
    "footer_bg": "#212121",
    "footer_title_colour": "#ffffff",
    "footer_txt_colour": "#9e9e9e",
    "footer_link_colour_hover": "#ffffff",
    "footer_bg_cp": "#111111",
    "footer_about_show": true,
    "footer_about_heading": "Giới thiệu",
    "footer_about_message": "Với hơn 100 nhân viên tư vấn trên mọi phương diện, không chỉ là hướng dẫn và xử lý các vấn đề từ Haravan, chúng tôi luôn mong cùng chia sẻ các kinh nghiệm giúp bạn bán được nhiều hàng hơn.",
    "footer_about_address": "56 Vân côi, Q. Tân Bình, Tp.HCM",
    "footer_about_email": "hi@haravan.com",
    "footer_about_phone": "1900.636.099",
    "footer_about_fax": "1900.636.099",
    "footer_linklist1_show": true,
    "footer_linklist1_heading": "Liên kết",
    "footer_linklist1": "main-menu",
    "mailing_list_show": true,
    "mailing_list_heading": "Đăng kí nhận tin",
    "mailing_list_caption": "Hãy nhập email của bạn vào đây để nhận tin!",
    "mailing_list_emailtext": "Nhập email của bạn",
    "show_fanpage_faceook": "1",
    "facebook_widget_title": "Kết nối với chúng tôi",
    "fanpage_faceook": "https://www.facebook.com/haravan.official",
    "social_icons_show": true,
    "social_icons_colour": "#9e9e9e",
    "social_icons_hover": "#ffffff",
    "social_icons_hover_bg": "#ffffff",
    "social_icons_facebook_link": "/",
    "social_icons_twitter_link": "/",
    "social_icons_pinterest_link": "/",
    "social_icons_google_link": "/",
    "social_icons_youtube_link": "/",
    "social_icons_instagram_link": "/",
    "shop_bg_color": "#b49149",
    "shop_bg2_color": "#ff00ff",
    "shop_bg3_color": "#e6ff00",
    "shop_text_color": "#333333",
    "header_bg_color": "#ffffff",
    "header_text_color": "#ffffff",
    "header_text_hover_color": "#04b2de",
    "bg_navbar_color": "#ffffff",
    "text_navbar_color": "#4d4d4d",
    "text_hover_navbar_color": "#b49149",
    "shop_border_color": "#ebebeb",
    "slide_title1_colour": "#ffffff",
    "slide_title2_colour": "#ffffff",
    "slide_btn_colour": "#ffffff",
    "shop_text_dark_color": "#ffffff",
    "link_text_color": "#333333",
    "link_text_hover_color": "#b49149",
    "pr_n_color": "#333333",
    "pr_n_color_hover": "#b49149",
    "pr_p_color": "#db2121",
    "pr_p_color_hover": "#898989",
    "btn_add_cart": "#ffffff",
    "btn_text_add_cart": "#333333",
    "btn_add_cart_hover": "#b49149",
    "btn_text_add_cart_hover": "#ffffff",
    "pagination_limit": "12",
    "show_collection_menu": true,
    "collection_menu_title": "Danh mục ",
    "collection_menu_link": "left",
    "show_left_ad": true,
    "promo_link_left": "",
    "use_tags_products": true,
    "share_prod_on_facebook": true,
    "share_prod_on_googleplus": true,
    "use_comment_products": true,
    "productspg_related_products": true,
    "productspg_featured_quantity": "4",
    "blog_recent_show": "1",
    "blog_recent_title": "Danh mục blog",
    "blog_recent_menu": "left",
    "news_recent_show": "1",
    "news_recent_title": "Bài viết mới nhất",
    "pagination_news_limit": "3",
    "pagination_blog_limit": "4",
    "show_google_maps": true,
    "google_maps_code": "<iframe src=\"https://www.google.com/maps/embed?pb=!1m18!1m12!1m3!1d3919.310729061172!2d106.6539626784669!3d10.787496261978522!2m3!1f0!2f0!3f0!3m2!1i1024!2i768!4f13.1!3m3!1m2!1s0x31752ecbb6275cc3%3A0x634b1cfb9f2ed0be!2zNTYgVsOibiBDw7RpLCBwaMaw4budbmcgNywgVMOibiBCw6xuaCwgSOG7kyBDaMOtIE1pbmgsIFZpZXRuYW0!5e0!3m2!1sen!2s!4v1446015505979\" width=\"100%\" height=\"350\" frameborder=\"0\" style=\"border:0; pointer-events: none;\" allowfullscreen></iframe>",
    "footer_text": "Giải pháp bán hàng toàn diện từ website đến cửa hàng",
    "footer_company": "Fashion Style",
    "footer_address": "56 Vân côi, Phường 7, Quận Tân Bình, Tp. Hồ Chí Minh",
    "footer_phone": "1900.636.099",
    "footer_email": "hi@haravan.com",
    "collection_sort": true,
    "shop_text2_color": "#ff2e77",
    "shop_fearture_color": "#fdbc0e",
    "slide_1_alt": "Bộ salon trắng xám",
    "slide_2_alt": "Salon gỗ sang trọng",
    "slide_3_alt": "Tháng vàng ưu đãi",
    "slide_4_alt": "",
    "block_home_category1_alt": "Sofa và gối",
    "block_home_category2_alt": "Bộ ghế uống trà",
    "font_slide_title1": "30",
    "font_slide_title2": "70",
    "font_slide_title3": "15"
  },
  "presets": {}
}